-- MySQL dump 10.13  Distrib 5.7.14, for Win32 (AMD64)
--
-- Host: localhost    Database: nyMusic
-- ------------------------------------------------------
-- Server version	5.7.14

/*!40101 SET @OLD_CHARACTER_SET_CLIENT=@@CHARACTER_SET_CLIENT */;
/*!40101 SET @OLD_CHARACTER_SET_RESULTS=@@CHARACTER_SET_RESULTS */;
/*!40101 SET @OLD_COLLATION_CONNECTION=@@COLLATION_CONNECTION */;
/*!40101 SET NAMES utf8 */;
/*!40103 SET @OLD_TIME_ZONE=@@TIME_ZONE */;
/*!40103 SET TIME_ZONE='+00:00' */;
/*!40014 SET @OLD_UNIQUE_CHECKS=@@UNIQUE_CHECKS, UNIQUE_CHECKS=0 */;
/*!40014 SET @OLD_FOREIGN_KEY_CHECKS=@@FOREIGN_KEY_CHECKS, FOREIGN_KEY_CHECKS=0 */;
/*!40101 SET @OLD_SQL_MODE=@@SQL_MODE, SQL_MODE='NO_AUTO_VALUE_ON_ZERO' */;
/*!40111 SET @OLD_SQL_NOTES=@@SQL_NOTES, SQL_NOTES=0 */;

--
-- Current Database: `nyMusic`
--

CREATE DATABASE /*!32312 IF NOT EXISTS*/ `nyMusic` /*!40100 DEFAULT CHARACTER SET utf8 */;

USE `nyMusic`;

--
-- Table structure for table `classfy`
--

DROP TABLE IF EXISTS `classfy`;
/*!40101 SET @saved_cs_client     = @@character_set_client */;
/*!40101 SET character_set_client = utf8 */;
CREATE TABLE `classfy` (
  `id` int(11) NOT NULL AUTO_INCREMENT,
  `name` varchar(12) DEFAULT NULL,
  `createTime` char(12) DEFAULT NULL,
  PRIMARY KEY (`id`)
) ENGINE=InnoDB AUTO_INCREMENT=8 DEFAULT CHARSET=utf8;
/*!40101 SET character_set_client = @saved_cs_client */;

--
-- Dumping data for table `classfy`
--

LOCK TABLES `classfy` WRITE;
/*!40000 ALTER TABLE `classfy` DISABLE KEYS */;
INSERT INTO `classfy` VALUES (1,'潮流','2019-12-12'),(2,'流行','2014-12-34'),(7,'韩国新曲','2019-06-07');
/*!40000 ALTER TABLE `classfy` ENABLE KEYS */;
UNLOCK TABLES;

--
-- Table structure for table `music`
--

DROP TABLE IF EXISTS `music`;
/*!40101 SET @saved_cs_client     = @@character_set_client */;
/*!40101 SET character_set_client = utf8 */;
CREATE TABLE `music` (
  `id` int(11) NOT NULL AUTO_INCREMENT,
  `name` varchar(50) DEFAULT NULL,
  `size` varchar(10) DEFAULT NULL,
  `length` varchar(10) DEFAULT NULL,
  `author` varchar(20) DEFAULT NULL,
  `classfyId` int(11) DEFAULT NULL,
  `dataUrl` varchar(255) NOT NULL,
  PRIMARY KEY (`id`),
  KEY `classfyId` (`classfyId`),
  CONSTRAINT `music_ibfk_1` FOREIGN KEY (`classfyId`) REFERENCES `classfy` (`id`)
) ENGINE=InnoDB AUTO_INCREMENT=692 DEFAULT CHARSET=utf8 COMMENT='这个表是用来存放music的信息的\n';
/*!40101 SET character_set_client = @saved_cs_client */;

--
-- Dumping data for table `music`
--

LOCK TABLES `music` WRITE;
/*!40000 ALTER TABLE `music` DISABLE KEYS */;
INSERT INTO `music` VALUES (11,'简单爱你','4MB','3:56','小芳芳',2,'/简单爱你.mp3'),(12,'简单爱你','4MB','3:56','小芳芳',2,'/简单爱你.mp3'),(13,'简单爱你','4MB','3:56','小芳芳',2,'/简单爱你.mp3'),(14,'简单爱你','4MB','3:56','小芳芳',2,'/简单爱你.mp3'),(17,'简单爱你','4MB','3:56','小芳芳',2,'/简单爱你.mp3'),(18,'简单爱你','4MB','3:56','小芳芳',2,'/简单爱你.mp3'),(19,'简单爱你','4MB','3:56','小芳芳',2,'/简单爱你.mp3'),(20,'简单爱你','4MB','3:56','小芳芳',2,'/简单爱你.mp3'),(21,'简单爱你','4MB','3:56','小芳芳',2,'/简单爱你.mp3'),(22,'简单爱你','4MB','3:56','小芳芳',2,'/简单爱你.mp3'),(23,'简单爱你','4MB','3:56','小芳芳',2,'/简单爱你.mp3'),(24,'简单爱你','4MB','3:56','小芳芳',2,'/简单爱你.mp3'),(25,'简单爱你','4MB','3:56','小芳芳',2,'/简单爱你.mp3'),(26,'简单爱你','4MB','3:56','小芳芳',2,'/简单爱你.mp3'),(27,'简单爱你','4MB','3:56','小芳芳',2,'/简单爱你.mp3'),(28,'简单爱你','4MB','3:56','小芳芳',2,'/简单爱你.mp3'),(29,'简单爱你','4MB','3:56','小芳芳',2,'/简单爱你.mp3'),(30,'简单爱你','4MB','3:56','小芳芳',2,'/简单爱你.mp3'),(31,'简单爱你','4MB','3:56','小芳芳',2,'/简单爱你.mp3'),(32,'简单爱你','4MB','3:56','小芳芳',2,'/简单爱你.mp3'),(33,'简单爱你','4MB','3:56','小芳芳',2,'/简单爱你.mp3'),(34,'简单爱你','4MB','3:56','小芳芳',2,'/简单爱你.mp3'),(35,'简单爱你','4MB','3:56','小芳芳',2,'/简单爱你.mp3'),(36,'简单爱你','4MB','3:56','小芳芳',2,'/简单爱你.mp3'),(37,'简单爱你','4MB','3:56','小芳芳',2,'/简单爱你.mp3'),(38,'简单爱你','4MB','3:56','小芳芳',2,'/简单爱你.mp3'),(39,'简单爱你','4MB','3:56','小芳芳',2,'/简单爱你.mp3'),(40,'简单爱你','4MB','3:56','小芳芳',2,'/简单爱你.mp3'),(41,'简单爱你','4MB','3:56','小芳芳',2,'/简单爱你.mp3'),(42,'简单爱你','4MB','3:56','小芳芳',2,'/简单爱你.mp3'),(43,'简单爱你','4MB','3:56','小芳芳',2,'/简单爱你.mp3'),(44,'简单爱你','4MB','3:56','小芳芳',2,'/简单爱你.mp3'),(45,'简单爱你','4MB','3:56','小芳芳',2,'/简单爱你.mp3'),(46,'简单爱你','4MB','3:56','小芳芳',2,'/简单爱你.mp3'),(47,'简单爱你','4MB','3:56','小芳芳',2,'/简单爱你.mp3'),(48,'简单爱你','4MB','3:56','小芳芳',2,'/简单爱你.mp3'),(49,'简单爱你','4MB','3:56','小芳芳',2,'/简单爱你.mp3'),(50,'简单爱你','4MB','3:56','小芳芳',2,'/简单爱你.mp3'),(51,'简单爱你','4MB','3:56','小芳芳',2,'/简单爱你.mp3'),(52,'简单爱你','4MB','3:56','小芳芳',2,'/简单爱你.mp3'),(53,'简单爱你','4MB','3:56','小芳芳',2,'/简单爱你.mp3'),(54,'简单爱你','4MB','3:56','小芳芳',2,'/简单爱你.mp3'),(55,'简单爱你','4MB','3:56','小芳芳',2,'/简单爱你.mp3'),(56,'简单爱你','4MB','3:56','小芳芳',2,'/简单爱你.mp3'),(57,'简单爱你','4MB','3:56','小芳芳',2,'/简单爱你.mp3'),(58,'简单爱你','4MB','3:56','小芳芳',2,'/简单爱你.mp3'),(59,'简单爱你','4MB','3:56','小芳芳',2,'/简单爱你.mp3'),(60,'简单爱你','4MB','3:56','小芳芳',2,'/简单爱你.mp3'),(61,'简单爱你','4MB','3:56','小芳芳',2,'/简单爱你.mp3'),(62,'简单爱你','4MB','3:56','小芳芳',2,'/简单爱你.mp3'),(63,'简单爱你','4MB','3:56','小芳芳',2,'/简单爱你.mp3'),(64,'简单爱你','4MB','3:56','小芳芳',2,'/简单爱你.mp3'),(65,'简单爱你','4MB','3:56','小芳芳',2,'/简单爱你.mp3'),(66,'简单爱你','4MB','3:56','小芳芳',2,'/简单爱你.mp3'),(67,'简单爱你','4MB','3:56','小芳芳',2,'/简单爱你.mp3'),(68,'简单爱你','4MB','3:56','小芳芳',2,'/简单爱你.mp3'),(69,'简单爱你','4MB','3:56','小芳芳',2,'/简单爱你.mp3'),(70,'简单爱你','4MB','3:56','小芳芳',2,'/简单爱你.mp3'),(71,'简单爱你','4MB','3:56','小芳芳',2,'/简单爱你.mp3'),(72,'简单爱你','4MB','3:56','小芳芳',2,'/简单爱你.mp3'),(73,'简单爱你','4MB','3:56','小芳芳',2,'/简单爱你.mp3'),(74,'简单爱你','4MB','3:56','小芳芳',2,'/简单爱你.mp3'),(75,'简单爱你','4MB','3:56','小芳芳',2,'/简单爱你.mp3'),(76,'简单爱你','4MB','3:56','小芳芳',2,'/简单爱你.mp3'),(77,'简单爱你','4MB','3:56','小芳芳',2,'/简单爱你.mp3'),(78,'简单爱你','4MB','3:56','小芳芳',2,'/简单爱你.mp3'),(79,'简单爱你','4MB','3:56','小芳芳',2,'/简单爱你.mp3'),(80,'简单爱你','4MB','3:56','小芳芳',2,'/简单爱你.mp3'),(81,'简单爱你','4MB','3:56','小芳芳',2,'/简单爱你.mp3'),(82,'简单爱你','4MB','3:56','小芳芳',2,'/简单爱你.mp3'),(83,'简单爱你','4MB','3:56','小芳芳',2,'/简单爱你.mp3'),(84,'简单爱你','4MB','3:56','小芳芳',2,'/简单爱你.mp3'),(85,'简单爱你','4MB','3:56','小芳芳',2,'/简单爱你.mp3'),(86,'简单爱你','4MB','3:56','小芳芳',2,'/简单爱你.mp3'),(87,'简单爱你','4MB','3:56','小芳芳',2,'/简单爱你.mp3'),(88,'简单爱你','4MB','3:56','小芳芳',2,'/简单爱你.mp3'),(89,'简单爱你','4MB','3:56','小芳芳',2,'/简单爱你.mp3'),(90,'简单爱你','4MB','3:56','小芳芳',2,'/简单爱你.mp3'),(91,'简单爱你','4MB','3:56','小芳芳',2,'/简单爱你.mp3'),(92,'简单爱你','4MB','3:56','小芳芳',2,'/简单爱你.mp3'),(93,'简单爱你','4MB','3:56','小芳芳',2,'/简单爱你.mp3'),(94,'简单爱你','4MB','3:56','小芳芳',2,'/简单爱你.mp3'),(95,'简单爱你','4MB','3:56','小芳芳',2,'/简单爱你.mp3'),(96,'简单爱你','4MB','3:56','小芳芳',2,'/简单爱你.mp3'),(97,'简单爱你','4MB','3:56','小芳芳',2,'/简单爱你.mp3'),(98,'简单爱你','4MB','3:56','小芳芳',2,'/简单爱你.mp3'),(99,'简单爱你','4MB','3:56','小芳芳',2,'/简单爱你.mp3'),(100,'简单爱你','4MB','3:56','小芳芳',2,'/简单爱你.mp3'),(101,'简单爱你','4MB','3:56','小芳芳',2,'/简单爱你.mp3'),(102,'简单爱你','4MB','3:56','小芳芳',2,'/简单爱你.mp3'),(103,'简单爱你','4MB','3:56','小芳芳',2,'/简单爱你.mp3'),(104,'简单爱你','4MB','3:56','小芳芳',2,'/简单爱你.mp3'),(105,'简单爱你','4MB','3:56','小芳芳',2,'/简单爱你.mp3'),(106,'简单爱你','4MB','3:56','小芳芳',2,'/简单爱你.mp3'),(107,'简单爱你','4MB','3:56','小芳芳',2,'/简单爱你.mp3'),(108,'简单爱你','4MB','3:56','小芳芳',2,'/简单爱你.mp3'),(109,'简单爱你','4MB','3:56','小芳芳',2,'/简单爱你.mp3'),(110,'简单爱你','4MB','3:56','小芳芳',2,'/简单爱你.mp3'),(111,'简单爱你','4MB','3:56','小芳芳',2,'/简单爱你.mp3'),(112,'简单爱你','4MB','3:56','小芳芳',2,'/简单爱你.mp3'),(113,'简单爱你','4MB','3:56','小芳芳',2,'/简单爱你.mp3'),(114,'简单爱你','4MB','3:56','小芳芳',2,'/简单爱你.mp3'),(115,'简单爱你','4MB','3:56','小芳芳',2,'/简单爱你.mp3'),(116,'简单爱你','4MB','3:56','小芳芳',2,'/简单爱你.mp3'),(117,'简单爱你','4MB','3:56','小芳芳',2,'/简单爱你.mp3'),(118,'简单爱你','4MB','3:56','小芳芳',2,'/简单爱你.mp3'),(119,'简单爱你','4MB','3:56','小芳芳',2,'/简单爱你.mp3'),(120,'简单爱你','4MB','3:56','小芳芳',2,'/简单爱你.mp3'),(121,'简单爱你','4MB','3:56','小芳芳',2,'/简单爱你.mp3'),(122,'简单爱你','4MB','3:56','小芳芳',2,'/简单爱你.mp3'),(123,'简单爱你','4MB','3:56','小芳芳',2,'/简单爱你.mp3'),(124,'简单爱你','4MB','3:56','小芳芳',2,'/简单爱你.mp3'),(125,'简单爱你','4MB','3:56','小芳芳',2,'/简单爱你.mp3'),(126,'简单爱你','4MB','3:56','小芳芳',2,'/简单爱你.mp3'),(127,'简单爱你','4MB','3:56','小芳芳',2,'/简单爱你.mp3'),(128,'简单爱你','4MB','3:56','小芳芳',2,'/简单爱你.mp3'),(129,'简单爱你','4MB','3:56','小芳芳',2,'/简单爱你.mp3'),(130,'简单爱你','4MB','3:56','小芳芳',2,'/简单爱你.mp3'),(131,'简单爱你','4MB','3:56','小芳芳',2,'/简单爱你.mp3'),(132,'简单爱你','4MB','3:56','小芳芳',2,'/简单爱你.mp3'),(133,'简单爱你','4MB','3:56','小芳芳',2,'/简单爱你.mp3'),(134,'简单爱你','4MB','3:56','小芳芳',2,'/简单爱你.mp3'),(135,'简单爱你','4MB','3:56','小芳芳',2,'/简单爱你.mp3'),(136,'简单爱你','4MB','3:56','小芳芳',2,'/简单爱你.mp3'),(137,'简单爱你','4MB','3:56','小芳芳',2,'/简单爱你.mp3'),(138,'简单爱你','4MB','3:56','小芳芳',2,'/简单爱你.mp3'),(139,'简单爱你','4MB','3:56','小芳芳',2,'/简单爱你.mp3'),(140,'简单爱你','4MB','3:56','小芳芳',2,'/简单爱你.mp3'),(141,'简单爱你','4MB','3:56','小芳芳',2,'/简单爱你.mp3'),(142,'简单爱你','4MB','3:56','小芳芳',2,'/简单爱你.mp3'),(143,'简单爱你','4MB','3:56','小芳芳',2,'/简单爱你.mp3'),(144,'简单爱你','4MB','3:56','小芳芳',2,'/简单爱你.mp3'),(145,'简单爱你','4MB','3:56','小芳芳',2,'/简单爱你.mp3'),(146,'简单爱你','4MB','3:56','小芳芳',2,'/简单爱你.mp3'),(147,'简单爱你','4MB','3:56','小芳芳',2,'/简单爱你.mp3'),(148,'简单爱你','4MB','3:56','小芳芳',2,'/简单爱你.mp3'),(149,'简单爱你','4MB','3:56','小芳芳',2,'/简单爱你.mp3'),(150,'简单爱你','4MB','3:56','小芳芳',2,'/简单爱你.mp3'),(151,'简单爱你','4MB','3:56','小芳芳',2,'/简单爱你.mp3'),(152,'简单爱你','4MB','3:56','小芳芳',2,'/简单爱你.mp3'),(153,'简单爱你','4MB','3:56','小芳芳',2,'/简单爱你.mp3'),(154,'简单爱你','4MB','3:56','小芳芳',2,'/简单爱你.mp3'),(155,'简单爱你','4MB','3:56','小芳芳',2,'/简单爱你.mp3'),(156,'简单爱你','4MB','3:56','小芳芳',2,'/简单爱你.mp3'),(157,'简单爱你','4MB','3:56','小芳芳',2,'/简单爱你.mp3'),(158,'简单爱你','4MB','3:56','小芳芳',2,'/简单爱你.mp3'),(159,'简单爱你','4MB','3:56','小芳芳',2,'/简单爱你.mp3'),(160,'简单爱你','4MB','3:56','小芳芳',2,'/简单爱你.mp3'),(161,'简单爱你','4MB','3:56','小芳芳',2,'/简单爱你.mp3'),(162,'简单爱你','4MB','3:56','小芳芳',2,'/简单爱你.mp3'),(163,'简单爱你','4MB','3:56','小芳芳',2,'/简单爱你.mp3'),(164,'简单爱你','4MB','3:56','小芳芳',2,'/简单爱你.mp3'),(165,'简单爱你','4MB','3:56','小芳芳',2,'/简单爱你.mp3'),(166,'简单爱你','4MB','3:56','小芳芳',2,'/简单爱你.mp3'),(167,'简单爱你','4MB','3:56','小芳芳',2,'/简单爱你.mp3'),(168,'简单爱你','4MB','3:56','小芳芳',2,'/简单爱你.mp3'),(169,'简单爱你','4MB','3:56','小芳芳',2,'/简单爱你.mp3'),(170,'简单爱你','4MB','3:56','小芳芳',2,'/简单爱你.mp3'),(171,'简单爱你','4MB','3:56','小芳芳',2,'/简单爱你.mp3'),(172,'简单爱你','4MB','3:56','小芳芳',2,'/简单爱你.mp3'),(173,'简单爱你','4MB','3:56','小芳芳',2,'/简单爱你.mp3'),(174,'简单爱你','4MB','3:56','小芳芳',2,'/简单爱你.mp3'),(175,'简单爱你','4MB','3:56','小芳芳',2,'/简单爱你.mp3'),(176,'简单爱你','4MB','3:56','小芳芳',2,'/简单爱你.mp3'),(177,'简单爱你','4MB','3:56','小芳芳',2,'/简单爱你.mp3'),(178,'简单爱你','4MB','3:56','小芳芳',2,'/简单爱你.mp3'),(179,'简单爱你','4MB','3:56','小芳芳',2,'/简单爱你.mp3'),(180,'简单爱你','4MB','3:56','小芳芳',2,'/简单爱你.mp3'),(181,'简单爱你','4MB','3:56','小芳芳',2,'/简单爱你.mp3'),(182,'简单爱你','4MB','3:56','小芳芳',2,'/简单爱你.mp3'),(183,'简单爱你','4MB','3:56','小芳芳',2,'/简单爱你.mp3'),(184,'简单爱你','4MB','3:56','小芳芳',2,'/简单爱你.mp3'),(185,'简单爱你','4MB','3:56','小芳芳',2,'/简单爱你.mp3'),(186,'简单爱你','4MB','3:56','小芳芳',2,'/简单爱你.mp3'),(187,'简单爱你','4MB','3:56','小芳芳',2,'/简单爱你.mp3'),(188,'简单爱你','4MB','3:56','小芳芳',2,'/简单爱你.mp3'),(189,'简单爱你','4MB','3:56','小芳芳',2,'/简单爱你.mp3'),(190,'简单爱你','4MB','3:56','小芳芳',2,'/简单爱你.mp3'),(191,'简单爱你','4MB','3:56','小芳芳',2,'/简单爱你.mp3'),(192,'简单爱你','4MB','3:56','小芳芳',2,'/简单爱你.mp3'),(193,'简单爱你','4MB','3:56','小芳芳',2,'/简单爱你.mp3'),(194,'简单爱你','4MB','3:56','小芳芳',2,'/简单爱你.mp3'),(195,'简单爱你','4MB','3:56','小芳芳',2,'/简单爱你.mp3'),(196,'简单爱你','4MB','3:56','小芳芳',2,'/简单爱你.mp3'),(197,'简单爱你','4MB','3:56','小芳芳',2,'/简单爱你.mp3'),(198,'简单爱你','4MB','3:56','小芳芳',2,'/简单爱你.mp3'),(199,'简单爱你','4MB','3:56','小芳芳',2,'/简单爱你.mp3'),(200,'简单爱你','4MB','3:56','小芳芳',2,'/简单爱你.mp3'),(201,'简单爱你','4MB','3:56','小芳芳',2,'/简单爱你.mp3'),(202,'简单爱你','4MB','3:56','小芳芳',2,'/简单爱你.mp3'),(203,'简单爱你','4MB','3:56','小芳芳',2,'/简单爱你.mp3'),(204,'简单爱你','4MB','3:56','小芳芳',2,'/简单爱你.mp3'),(205,'简单爱你','4MB','3:56','小芳芳',2,'/简单爱你.mp3'),(206,'简单爱你','4MB','3:56','小芳芳',2,'/简单爱你.mp3'),(207,'简单爱你','4MB','3:56','小芳芳',2,'/简单爱你.mp3'),(208,'简单爱你','4MB','3:56','小芳芳',2,'/简单爱你.mp3'),(209,'简单爱你','4MB','3:56','小芳芳',2,'/简单爱你.mp3'),(210,'简单爱你','4MB','3:56','小芳芳',2,'/简单爱你.mp3'),(211,'简单爱你','4MB','3:56','小芳芳',2,'/简单爱你.mp3'),(212,'简单爱你','4MB','3:56','小芳芳',2,'/简单爱你.mp3'),(213,'简单爱你','4MB','3:56','小芳芳',2,'/简单爱你.mp3'),(214,'简单爱你','4MB','3:56','小芳芳',2,'/简单爱你.mp3'),(215,'简单爱你','4MB','3:56','小芳芳',2,'/简单爱你.mp3'),(216,'简单爱你','4MB','3:56','小芳芳',2,'/简单爱你.mp3'),(217,'简单爱你','4MB','3:56','小芳芳',2,'/简单爱你.mp3'),(218,'简单爱你','4MB','3:56','小芳芳',2,'/简单爱你.mp3'),(219,'简单爱你','4MB','3:56','小芳芳',2,'/简单爱你.mp3'),(220,'简单爱你','4MB','3:56','小芳芳',2,'/简单爱你.mp3'),(221,'简单爱你','4MB','3:56','小芳芳',2,'/简单爱你.mp3'),(222,'简单爱你','4MB','3:56','小芳芳',2,'/简单爱你.mp3'),(223,'简单爱你','4MB','3:56','小芳芳',2,'/简单爱你.mp3'),(224,'简单爱你','4MB','3:56','小芳芳',2,'/简单爱你.mp3'),(225,'简单爱你','4MB','3:56','小芳芳',2,'/简单爱你.mp3'),(226,'简单爱你','4MB','3:56','小芳芳',2,'/简单爱你.mp3'),(227,'简单爱你','4MB','3:56','小芳芳',2,'/简单爱你.mp3'),(228,'简单爱你','4MB','3:56','小芳芳',2,'/简单爱你.mp3'),(229,'简单爱你','4MB','3:56','小芳芳',2,'/简单爱你.mp3'),(230,'简单爱你','4MB','3:56','小芳芳',2,'/简单爱你.mp3'),(231,'简单爱你','4MB','3:56','小芳芳',2,'/简单爱你.mp3'),(232,'简单爱你','4MB','3:56','小芳芳',2,'/简单爱你.mp3'),(233,'简单爱你','4MB','3:56','小芳芳',2,'/简单爱你.mp3'),(234,'简单爱你','4MB','3:56','小芳芳',2,'/简单爱你.mp3'),(235,'简单爱你','4MB','3:56','小芳芳',2,'/简单爱你.mp3'),(236,'简单爱你','4MB','3:56','小芳芳',2,'/简单爱你.mp3'),(237,'简单爱你','4MB','3:56','小芳芳',2,'/简单爱你.mp3'),(238,'简单爱你','4MB','3:56','小芳芳',2,'/简单爱你.mp3'),(239,'简单爱你','4MB','3:56','小芳芳',2,'/简单爱你.mp3'),(240,'简单爱你','4MB','3:56','小芳芳',2,'/简单爱你.mp3'),(241,'简单爱你','4MB','3:56','小芳芳',2,'/简单爱你.mp3'),(242,'简单爱你','4MB','3:56','小芳芳',2,'/简单爱你.mp3'),(243,'简单爱你','4MB','3:56','小芳芳',2,'/简单爱你.mp3'),(244,'简单爱你','4MB','3:56','小芳芳',2,'/简单爱你.mp3'),(245,'简单爱你','4MB','3:56','小芳芳',2,'/简单爱你.mp3'),(246,'简单爱你','4MB','3:56','小芳芳',2,'/简单爱你.mp3'),(247,'简单爱你','4MB','3:56','小芳芳',2,'/简单爱你.mp3'),(248,'简单爱你','4MB','3:56','小芳芳',2,'/简单爱你.mp3'),(249,'简单爱你','4MB','3:56','小芳芳',2,'/简单爱你.mp3'),(250,'简单爱你','4MB','3:56','小芳芳',2,'/简单爱你.mp3'),(251,'简单爱你','4MB','3:56','小芳芳',2,'/简单爱你.mp3'),(252,'简单爱你','4MB','3:56','小芳芳',2,'/简单爱你.mp3'),(253,'简单爱你','4MB','3:56','小芳芳',2,'/简单爱你.mp3'),(254,'简单爱你','4MB','3:56','小芳芳',2,'/简单爱你.mp3'),(255,'简单爱你','4MB','3:56','小芳芳',2,'/简单爱你.mp3'),(256,'简单爱你','4MB','3:56','小芳芳',2,'/简单爱你.mp3'),(257,'简单爱你','4MB','3:56','小芳芳',2,'/简单爱你.mp3'),(258,'简单爱你','4MB','3:56','小芳芳',2,'/简单爱你.mp3'),(259,'简单爱你','4MB','3:56','小芳芳',2,'/简单爱你.mp3'),(260,'简单爱你','4MB','3:56','小芳芳',2,'/简单爱你.mp3'),(261,'简单爱你','4MB','3:56','小芳芳',2,'/简单爱你.mp3'),(262,'简单爱你','4MB','3:56','小芳芳',2,'/简单爱你.mp3'),(263,'简单爱你','4MB','3:56','小芳芳',2,'/简单爱你.mp3'),(264,'简单爱你','4MB','3:56','小芳芳',2,'/简单爱你.mp3'),(265,'简单爱你','4MB','3:56','小芳芳',2,'/简单爱你.mp3'),(266,'简单爱你','4MB','3:56','小芳芳',2,'/简单爱你.mp3'),(267,'简单爱你','4MB','3:56','小芳芳',2,'/简单爱你.mp3'),(268,'简单爱你','4MB','3:56','小芳芳',2,'/简单爱你.mp3'),(269,'简单爱你','4MB','3:56','小芳芳',2,'/简单爱你.mp3'),(270,'简单爱你','4MB','3:56','小芳芳',2,'/简单爱你.mp3'),(271,'简单爱你','4MB','3:56','小芳芳',2,'/简单爱你.mp3'),(272,'简单爱你','4MB','3:56','小芳芳',2,'/简单爱你.mp3'),(273,'简单爱你','4MB','3:56','小芳芳',2,'/简单爱你.mp3'),(274,'简单爱你','4MB','3:56','小芳芳',2,'/简单爱你.mp3'),(275,'简单爱你','4MB','3:56','小芳芳',2,'/简单爱你.mp3'),(276,'简单爱你','4MB','3:56','小芳芳',2,'/简单爱你.mp3'),(277,'简单爱你','4MB','3:56','小芳芳',2,'/简单爱你.mp3'),(278,'简单爱你','4MB','3:56','小芳芳',2,'/简单爱你.mp3'),(279,'简单爱你','4MB','3:56','小芳芳',2,'/简单爱你.mp3'),(280,'简单爱你','4MB','3:56','小芳芳',2,'/简单爱你.mp3'),(281,'简单爱你','4MB','3:56','小芳芳',2,'/简单爱你.mp3'),(282,'简单爱你','4MB','3:56','小芳芳',2,'/简单爱你.mp3'),(283,'简单爱你','4MB','3:56','小芳芳',2,'/简单爱你.mp3'),(284,'简单爱你','4MB','3:56','小芳芳',2,'/简单爱你.mp3'),(285,'简单爱你','4MB','3:56','小芳芳',2,'/简单爱你.mp3'),(286,'简单爱你','4MB','3:56','小芳芳',2,'/简单爱你.mp3'),(287,'简单爱你','4MB','3:56','小芳芳',2,'/简单爱你.mp3'),(288,'简单爱你','4MB','3:56','小芳芳',2,'/简单爱你.mp3'),(289,'简单爱你','4MB','3:56','小芳芳',2,'/简单爱你.mp3'),(290,'简单爱你','4MB','3:56','小芳芳',2,'/简单爱你.mp3'),(291,'简单爱你','4MB','3:56','小芳芳',2,'/简单爱你.mp3'),(292,'简单爱你','4MB','3:56','小芳芳',2,'/简单爱你.mp3'),(293,'简单爱你','4MB','3:56','小芳芳',2,'/简单爱你.mp3'),(294,'简单爱你','4MB','3:56','小芳芳',2,'/简单爱你.mp3'),(295,'简单爱你','4MB','3:56','小芳芳',2,'/简单爱你.mp3'),(296,'简单爱你','4MB','3:56','小芳芳',2,'/简单爱你.mp3'),(297,'简单爱你','4MB','3:56','小芳芳',2,'/简单爱你.mp3'),(298,'简单爱你','4MB','3:56','小芳芳',2,'/简单爱你.mp3'),(299,'简单爱你','4MB','3:56','小芳芳',2,'/简单爱你.mp3'),(300,'简单爱你','4MB','3:56','小芳芳',2,'/简单爱你.mp3'),(301,'简单爱你','4MB','3:56','小芳芳',2,'/简单爱你.mp3'),(302,'简单爱你','4MB','3:56','小芳芳',2,'/简单爱你.mp3'),(303,'简单爱你','4MB','3:56','小芳芳',2,'/简单爱你.mp3'),(304,'简单爱你','4MB','3:56','小芳芳',2,'/简单爱你.mp3'),(305,'简单爱你','4MB','3:56','小芳芳',2,'/简单爱你.mp3'),(306,'简单爱你','4MB','3:56','小芳芳',2,'/简单爱你.mp3'),(307,'简单爱你','4MB','3:56','小芳芳',2,'/简单爱你.mp3'),(308,'简单爱你','4MB','3:56','小芳芳',2,'/简单爱你.mp3'),(309,'简单爱你','4MB','3:56','小芳芳',2,'/简单爱你.mp3'),(310,'简单爱你','4MB','3:56','小芳芳',2,'/简单爱你.mp3'),(311,'简单爱你','4MB','3:56','小芳芳',2,'/简单爱你.mp3'),(312,'简单爱你','4MB','3:56','小芳芳',2,'/简单爱你.mp3'),(313,'简单爱你','4MB','3:56','小芳芳',2,'/简单爱你.mp3'),(314,'简单爱你','4MB','3:56','小芳芳',2,'/简单爱你.mp3'),(315,'简单爱你','4MB','3:56','小芳芳',2,'/简单爱你.mp3'),(316,'简单爱你','4MB','3:56','小芳芳',2,'/简单爱你.mp3'),(317,'简单爱你','4MB','3:56','小芳芳',2,'/简单爱你.mp3'),(318,'简单爱你','4MB','3:56','小芳芳',2,'/简单爱你.mp3'),(319,'简单爱你','4MB','3:56','小芳芳',2,'/简单爱你.mp3'),(320,'简单爱你','4MB','3:56','小芳芳',2,'/简单爱你.mp3'),(321,'简单爱你','4MB','3:56','小芳芳',2,'/简单爱你.mp3'),(322,'简单爱你','4MB','3:56','小芳芳',2,'/简单爱你.mp3'),(323,'简单爱你','4MB','3:56','小芳芳',2,'/简单爱你.mp3'),(324,'简单爱你','4MB','3:56','小芳芳',2,'/简单爱你.mp3'),(325,'简单爱你','4MB','3:56','小芳芳',2,'/简单爱你.mp3'),(326,'简单爱你','4MB','3:56','小芳芳',2,'/简单爱你.mp3'),(327,'简单爱你','4MB','3:56','小芳芳',2,'/简单爱你.mp3'),(328,'简单爱你','4MB','3:56','小芳芳',2,'/简单爱你.mp3'),(329,'简单爱你','4MB','3:56','小芳芳',2,'/简单爱你.mp3'),(330,'简单爱你','4MB','3:56','小芳芳',2,'/简单爱你.mp3'),(331,'简单爱你','4MB','3:56','小芳芳',2,'/简单爱你.mp3'),(332,'简单爱你','4MB','3:56','小芳芳',2,'/简单爱你.mp3'),(333,'简单爱你','4MB','3:56','小芳芳',2,'/简单爱你.mp3'),(334,'简单爱你','4MB','3:56','小芳芳',2,'/简单爱你.mp3'),(335,'简单爱你','4MB','3:56','小芳芳',2,'/简单爱你.mp3'),(336,'简单爱你','4MB','3:56','小芳芳',2,'/简单爱你.mp3'),(337,'简单爱你','4MB','3:56','小芳芳',2,'/简单爱你.mp3'),(338,'简单爱你','4MB','3:56','小芳芳',2,'/简单爱你.mp3'),(339,'简单爱你','4MB','3:56','小芳芳',2,'/简单爱你.mp3'),(340,'简单爱你','4MB','3:56','小芳芳',2,'/简单爱你.mp3'),(341,'简单爱你','4MB','3:56','小芳芳',2,'/简单爱你.mp3'),(342,'简单爱你','4MB','3:56','小芳芳',2,'/简单爱你.mp3'),(343,'简单爱你','4MB','3:56','小芳芳',2,'/简单爱你.mp3'),(344,'简单爱你','4MB','3:56','小芳芳',2,'/简单爱你.mp3'),(345,'简单爱你','4MB','3:56','小芳芳',2,'/简单爱你.mp3'),(346,'简单爱你','4MB','3:56','小芳芳',2,'/简单爱你.mp3'),(347,'简单爱你','4MB','3:56','小芳芳',2,'/简单爱你.mp3'),(348,'简单爱你','4MB','3:56','小芳芳',2,'/简单爱你.mp3'),(349,'简单爱你','4MB','3:56','小芳芳',2,'/简单爱你.mp3'),(350,'简单爱你','4MB','3:56','小芳芳',2,'/简单爱你.mp3'),(351,'简单爱你','4MB','3:56','小芳芳',2,'/简单爱你.mp3'),(352,'简单爱你','4MB','3:56','小芳芳',2,'/简单爱你.mp3'),(353,'简单爱你','4MB','3:56','小芳芳',2,'/简单爱你.mp3'),(354,'简单爱你','4MB','3:56','小芳芳',2,'/简单爱你.mp3'),(355,'简单爱你','4MB','3:56','小芳芳',2,'/简单爱你.mp3'),(356,'简单爱你','4MB','3:56','小芳芳',2,'/简单爱你.mp3'),(357,'简单爱你','4MB','3:56','小芳芳',2,'/简单爱你.mp3'),(358,'简单爱你','4MB','3:56','小芳芳',2,'/简单爱你.mp3'),(359,'简单爱你','4MB','3:56','小芳芳',2,'/简单爱你.mp3'),(360,'简单爱你','4MB','3:56','小芳芳',2,'/简单爱你.mp3'),(361,'简单爱你','4MB','3:56','小芳芳',2,'/简单爱你.mp3'),(362,'简单爱你','4MB','3:56','小芳芳',2,'/简单爱你.mp3'),(363,'简单爱你','4MB','3:56','小芳芳',2,'/简单爱你.mp3'),(364,'简单爱你','4MB','3:56','小芳芳',2,'/简单爱你.mp3'),(365,'简单爱你','4MB','3:56','小芳芳',2,'/简单爱你.mp3'),(366,'简单爱你','4MB','3:56','小芳芳',2,'/简单爱你.mp3'),(367,'简单爱你','4MB','3:56','小芳芳',2,'/简单爱你.mp3'),(368,'简单爱你','4MB','3:56','小芳芳',2,'/简单爱你.mp3'),(369,'简单爱你','4MB','3:56','小芳芳',2,'/简单爱你.mp3'),(370,'简单爱你','4MB','3:56','小芳芳',2,'/简单爱你.mp3'),(371,'简单爱你','4MB','3:56','小芳芳',2,'/简单爱你.mp3'),(372,'简单爱你','4MB','3:56','小芳芳',2,'/简单爱你.mp3'),(373,'简单爱你','4MB','3:56','小芳芳',2,'/简单爱你.mp3'),(374,'简单爱你','4MB','3:56','小芳芳',2,'/简单爱你.mp3'),(375,'简单爱你','4MB','3:56','小芳芳',2,'/简单爱你.mp3'),(376,'简单爱你','4MB','3:56','小芳芳',2,'/简单爱你.mp3'),(377,'简单爱你','4MB','3:56','小芳芳',2,'/简单爱你.mp3'),(378,'简单爱你','4MB','3:56','小芳芳',2,'/简单爱你.mp3'),(379,'简单爱你','4MB','3:56','小芳芳',2,'/简单爱你.mp3'),(380,'简单爱你','4MB','3:56','小芳芳',2,'/简单爱你.mp3'),(381,'简单爱你','4MB','3:56','小芳芳',2,'/简单爱你.mp3'),(382,'简单爱你','4MB','3:56','小芳芳',2,'/简单爱你.mp3'),(383,'简单爱你','4MB','3:56','小芳芳',2,'/简单爱你.mp3'),(384,'简单爱你','4MB','3:56','小芳芳',2,'/简单爱你.mp3'),(385,'简单爱你','4MB','3:56','小芳芳',2,'/简单爱你.mp3'),(386,'简单爱你','4MB','3:56','小芳芳',2,'/简单爱你.mp3'),(387,'简单爱你','4MB','3:56','小芳芳',2,'/简单爱你.mp3'),(388,'简单爱你','4MB','3:56','小芳芳',2,'/简单爱你.mp3'),(389,'简单爱你','4MB','3:56','小芳芳',2,'/简单爱你.mp3'),(390,'简单爱你','4MB','3:56','小芳芳',2,'/简单爱你.mp3'),(391,'简单爱你','4MB','3:56','小芳芳',2,'/简单爱你.mp3'),(392,'简单爱你','4MB','3:56','小芳芳',2,'/简单爱你.mp3'),(393,'简单爱你','4MB','3:56','小芳芳',2,'/简单爱你.mp3'),(394,'简单爱你','4MB','3:56','小芳芳',2,'/简单爱你.mp3'),(395,'简单爱你','4MB','3:56','小芳芳',2,'/简单爱你.mp3'),(396,'简单爱你','4MB','3:56','小芳芳',2,'/简单爱你.mp3'),(397,'简单爱你','4MB','3:56','小芳芳',2,'/简单爱你.mp3'),(398,'简单爱你','4MB','3:56','小芳芳',2,'/简单爱你.mp3'),(399,'简单爱你','4MB','3:56','小芳芳',2,'/简单爱你.mp3'),(400,'简单爱你','4MB','3:56','小芳芳',2,'/简单爱你.mp3'),(401,'简单爱你','4MB','3:56','小芳芳',2,'/简单爱你.mp3'),(402,'简单爱你','4MB','3:56','小芳芳',2,'/简单爱你.mp3'),(403,'简单爱你','4MB','3:56','小芳芳',2,'/简单爱你.mp3'),(404,'简单爱你','4MB','3:56','小芳芳',2,'/简单爱你.mp3'),(405,'简单爱你','4MB','3:56','小芳芳',2,'/简单爱你.mp3'),(406,'简单爱你','4MB','3:56','小芳芳',2,'/简单爱你.mp3'),(407,'简单爱你','4MB','3:56','小芳芳',2,'/简单爱你.mp3'),(408,'简单爱你','4MB','3:56','小芳芳',2,'/简单爱你.mp3'),(409,'简单爱你','4MB','3:56','小芳芳',2,'/简单爱你.mp3'),(410,'简单爱你','4MB','3:56','小芳芳',2,'/简单爱你.mp3'),(411,'简单爱你','4MB','3:56','小芳芳',2,'/简单爱你.mp3'),(412,'简单爱你','4MB','3:56','小芳芳',2,'/简单爱你.mp3'),(413,'简单爱你','4MB','3:56','小芳芳',2,'/简单爱你.mp3'),(414,'简单爱你','4MB','3:56','小芳芳',2,'/简单爱你.mp3'),(415,'简单爱你','4MB','3:56','小芳芳',2,'/简单爱你.mp3'),(416,'简单爱你','4MB','3:56','小芳芳',2,'/简单爱你.mp3'),(417,'简单爱你','4MB','3:56','小芳芳',2,'/简单爱你.mp3'),(418,'简单爱你','4MB','3:56','小芳芳',2,'/简单爱你.mp3'),(419,'简单爱你','4MB','3:56','小芳芳',2,'/简单爱你.mp3'),(420,'简单爱你','4MB','3:56','小芳芳',2,'/简单爱你.mp3'),(421,'简单爱你','4MB','3:56','小芳芳',2,'/简单爱你.mp3'),(422,'简单爱你','4MB','3:56','小芳芳',2,'/简单爱你.mp3'),(423,'简单爱你','4MB','3:56','小芳芳',2,'/简单爱你.mp3'),(424,'简单爱你','4MB','3:56','小芳芳',2,'/简单爱你.mp3'),(425,'简单爱你','4MB','3:56','小芳芳',2,'/简单爱你.mp3'),(426,'简单爱你','4MB','3:56','小芳芳',2,'/简单爱你.mp3'),(427,'简单爱你','4MB','3:56','小芳芳',2,'/简单爱你.mp3'),(428,'简单爱你','4MB','3:56','小芳芳',2,'/简单爱你.mp3'),(429,'简单爱你','4MB','3:56','小芳芳',2,'/简单爱你.mp3'),(430,'简单爱你','4MB','3:56','小芳芳',2,'/简单爱你.mp3'),(431,'简单爱你','4MB','3:56','小芳芳',2,'/简单爱你.mp3'),(432,'简单爱你','4MB','3:56','小芳芳',2,'/简单爱你.mp3'),(433,'简单爱你','4MB','3:56','小芳芳',2,'/简单爱你.mp3'),(434,'简单爱你','4MB','3:56','小芳芳',2,'/简单爱你.mp3'),(435,'简单爱你','4MB','3:56','小芳芳',2,'/简单爱你.mp3'),(436,'简单爱你','4MB','3:56','小芳芳',2,'/简单爱你.mp3'),(437,'简单爱你','4MB','3:56','小芳芳',2,'/简单爱你.mp3'),(438,'简单爱你','4MB','3:56','小芳芳',2,'/简单爱你.mp3'),(439,'简单爱你','4MB','3:56','小芳芳',2,'/简单爱你.mp3'),(440,'简单爱你','4MB','3:56','小芳芳',2,'/简单爱你.mp3'),(441,'简单爱你','4MB','3:56','小芳芳',2,'/简单爱你.mp3'),(442,'简单爱你','4MB','3:56','小芳芳',2,'/简单爱你.mp3'),(443,'简单爱你','4MB','3:56','小芳芳',2,'/简单爱你.mp3'),(444,'简单爱你','4MB','3:56','小芳芳',2,'/简单爱你.mp3'),(445,'简单爱你','4MB','3:56','小芳芳',2,'/简单爱你.mp3'),(446,'简单爱你','4MB','3:56','小芳芳',2,'/简单爱你.mp3'),(447,'简单爱你','4MB','3:56','小芳芳',2,'/简单爱你.mp3'),(448,'简单爱你','4MB','3:56','小芳芳',2,'/简单爱你.mp3'),(449,'简单爱你','4MB','3:56','小芳芳',2,'/简单爱你.mp3'),(450,'简单爱你','4MB','3:56','小芳芳',2,'/简单爱你.mp3'),(451,'简单爱你','4MB','3:56','小芳芳',2,'/简单爱你.mp3'),(452,'简单爱你','4MB','3:56','小芳芳',2,'/简单爱你.mp3'),(453,'简单爱你','4MB','3:56','小芳芳',2,'/简单爱你.mp3'),(454,'简单爱你','4MB','3:56','小芳芳',2,'/简单爱你.mp3'),(455,'简单爱你','4MB','3:56','小芳芳',2,'/简单爱你.mp3'),(456,'简单爱你','4MB','3:56','小芳芳',2,'/简单爱你.mp3'),(457,'简单爱你','4MB','3:56','小芳芳',2,'/简单爱你.mp3'),(458,'简单爱你','4MB','3:56','小芳芳',2,'/简单爱你.mp3'),(459,'简单爱你','4MB','3:56','小芳芳',2,'/简单爱你.mp3'),(460,'简单爱你','4MB','3:56','小芳芳',2,'/简单爱你.mp3'),(461,'简单爱你','4MB','3:56','小芳芳',2,'/简单爱你.mp3'),(462,'简单爱你','4MB','3:56','小芳芳',2,'/简单爱你.mp3'),(463,'简单爱你','4MB','3:56','小芳芳',2,'/简单爱你.mp3'),(464,'简单爱你','4MB','3:56','小芳芳',2,'/简单爱你.mp3'),(465,'简单爱你','4MB','3:56','小芳芳',2,'/简单爱你.mp3'),(466,'简单爱你','4MB','3:56','小芳芳',2,'/简单爱你.mp3'),(467,'简单爱你','4MB','3:56','小芳芳',2,'/简单爱你.mp3'),(468,'简单爱你','4MB','3:56','小芳芳',2,'/简单爱你.mp3'),(469,'简单爱你','4MB','3:56','小芳芳',2,'/简单爱你.mp3'),(470,'简单爱你','4MB','3:56','小芳芳',2,'/简单爱你.mp3'),(471,'简单爱你','4MB','3:56','小芳芳',2,'/简单爱你.mp3'),(472,'简单爱你','4MB','3:56','小芳芳',2,'/简单爱你.mp3'),(473,'简单爱你','4MB','3:56','小芳芳',2,'/简单爱你.mp3'),(474,'简单爱你','4MB','3:56','小芳芳',2,'/简单爱你.mp3'),(475,'简单爱你','4MB','3:56','小芳芳',2,'/简单爱你.mp3'),(476,'简单爱你','4MB','3:56','小芳芳',2,'/简单爱你.mp3'),(477,'简单爱你','4MB','3:56','小芳芳',2,'/简单爱你.mp3'),(478,'简单爱你','4MB','3:56','小芳芳',2,'/简单爱你.mp3'),(479,'简单爱你','4MB','3:56','小芳芳',2,'/简单爱你.mp3'),(480,'简单爱你','4MB','3:56','小芳芳',2,'/简单爱你.mp3'),(481,'简单爱你','4MB','3:56','小芳芳',2,'/简单爱你.mp3'),(482,'简单爱你','4MB','3:56','小芳芳',2,'/简单爱你.mp3'),(483,'简单爱你','4MB','3:56','小芳芳',2,'/简单爱你.mp3'),(484,'简单爱你','4MB','3:56','小芳芳',2,'/简单爱你.mp3'),(485,'简单爱你','4MB','3:56','小芳芳',2,'/简单爱你.mp3'),(486,'简单爱你','4MB','3:56','小芳芳',2,'/简单爱你.mp3'),(487,'简单爱你','4MB','3:56','小芳芳',2,'/简单爱你.mp3'),(488,'简单爱你','4MB','3:56','小芳芳',2,'/简单爱你.mp3'),(489,'简单爱你','4MB','3:56','小芳芳',2,'/简单爱你.mp3'),(490,'简单爱你','4MB','3:56','小芳芳',2,'/简单爱你.mp3'),(491,'简单爱你','4MB','3:56','小芳芳',2,'/简单爱你.mp3'),(492,'简单爱你','4MB','3:56','小芳芳',2,'/简单爱你.mp3'),(493,'简单爱你','4MB','3:56','小芳芳',2,'/简单爱你.mp3'),(494,'简单爱你','4MB','3:56','小芳芳',2,'/简单爱你.mp3'),(495,'简单爱你','4MB','3:56','小芳芳',2,'/简单爱你.mp3'),(496,'简单爱你','4MB','3:56','小芳芳',2,'/简单爱你.mp3'),(497,'简单爱你','4MB','3:56','小芳芳',2,'/简单爱你.mp3'),(498,'简单爱你','4MB','3:56','小芳芳',2,'/简单爱你.mp3'),(499,'简单爱你','4MB','3:56','小芳芳',2,'/简单爱你.mp3'),(500,'简单爱你','4MB','3:56','小芳芳',2,'/简单爱你.mp3'),(501,'简单爱你','4MB','3:56','小芳芳',2,'/简单爱你.mp3'),(502,'简单爱你','4MB','3:56','小芳芳',2,'/简单爱你.mp3'),(503,'简单爱你','4MB','3:56','小芳芳',2,'/简单爱你.mp3'),(504,'简单爱你','4MB','3:56','小芳芳',2,'/简单爱你.mp3'),(505,'简单爱你','4MB','3:56','小芳芳',2,'/简单爱你.mp3'),(506,'简单爱你','4MB','3:56','小芳芳',2,'/简单爱你.mp3'),(507,'简单爱你','4MB','3:56','小芳芳',2,'/简单爱你.mp3'),(508,'简单爱你','4MB','3:56','小芳芳',2,'/简单爱你.mp3'),(509,'简单爱你','4MB','3:56','小芳芳',2,'/简单爱你.mp3'),(510,'简单爱你','4MB','3:56','小芳芳',2,'/简单爱你.mp3'),(511,'简单爱你','4MB','3:56','小芳芳',2,'/简单爱你.mp3'),(512,'简单爱你','4MB','3:56','小芳芳',2,'/简单爱你.mp3'),(513,'简单爱你','4MB','3:56','小芳芳',2,'/简单爱你.mp3'),(514,'简单爱你','4MB','3:56','小芳芳',2,'/简单爱你.mp3'),(515,'简单爱你','4MB','3:56','小芳芳',2,'/简单爱你.mp3'),(516,'简单爱你','4MB','3:56','小芳芳',2,'/简单爱你.mp3'),(517,'简单爱你','4MB','3:56','小芳芳',2,'/简单爱你.mp3'),(518,'简单爱你','4MB','3:56','小芳芳',2,'/简单爱你.mp3'),(519,'简单爱你','4MB','3:56','小芳芳',2,'/简单爱你.mp3'),(520,'简单爱你','4MB','3:56','小芳芳',2,'/简单爱你.mp3'),(521,'简单爱你','4MB','3:56','小芳芳',2,'/简单爱你.mp3'),(522,'简单爱你','4MB','3:56','小芳芳',2,'/简单爱你.mp3'),(523,'简单爱你','4MB','3:56','小芳芳',2,'/简单爱你.mp3'),(524,'简单爱你','4MB','3:56','小芳芳',2,'/简单爱你.mp3'),(525,'简单爱你','4MB','3:56','小芳芳',2,'/简单爱你.mp3'),(526,'简单爱你','4MB','3:56','小芳芳',2,'/简单爱你.mp3'),(527,'简单爱你','4MB','3:56','小芳芳',2,'/简单爱你.mp3'),(528,'简单爱你','4MB','3:56','小芳芳',2,'/简单爱你.mp3'),(529,'简单爱你','4MB','3:56','小芳芳',2,'/简单爱你.mp3'),(530,'简单爱你','4MB','3:56','小芳芳',2,'/简单爱你.mp3'),(531,'简单爱你','4MB','3:56','小芳芳',2,'/简单爱你.mp3'),(532,'简单爱你','4MB','3:56','小芳芳',2,'/简单爱你.mp3'),(533,'简单爱你','4MB','3:56','小芳芳',2,'/简单爱你.mp3'),(534,'简单爱你','4MB','3:56','小芳芳',2,'/简单爱你.mp3'),(535,'简单爱你','4MB','3:56','小芳芳',2,'/简单爱你.mp3'),(536,'简单爱你','4MB','3:56','小芳芳',2,'/简单爱你.mp3'),(537,'简单爱你','4MB','3:56','小芳芳',2,'/简单爱你.mp3'),(538,'简单爱你','4MB','3:56','小芳芳',2,'/简单爱你.mp3'),(539,'简单爱你','4MB','3:56','小芳芳',2,'/简单爱你.mp3'),(540,'简单爱你','4MB','3:56','小芳芳',2,'/简单爱你.mp3'),(541,'简单爱你','4MB','3:56','小芳芳',2,'/简单爱你.mp3'),(542,'简单爱你','4MB','3:56','小芳芳',2,'/简单爱你.mp3'),(543,'简单爱你','4MB','3:56','小芳芳',2,'/简单爱你.mp3'),(544,'简单爱你','4MB','3:56','小芳芳',2,'/简单爱你.mp3'),(545,'简单爱你','4MB','3:56','小芳芳',2,'/简单爱你.mp3'),(546,'简单爱你','4MB','3:56','小芳芳',2,'/简单爱你.mp3'),(547,'简单爱你','4MB','3:56','小芳芳',2,'/简单爱你.mp3'),(548,'简单爱你','4MB','3:56','小芳芳',2,'/简单爱你.mp3'),(549,'简单爱你','4MB','3:56','小芳芳',2,'/简单爱你.mp3'),(550,'简单爱你','4MB','3:56','小芳芳',2,'/简单爱你.mp3'),(551,'简单爱你','4MB','3:56','小芳芳',2,'/简单爱你.mp3'),(552,'简单爱你','4MB','3:56','小芳芳',2,'/简单爱你.mp3'),(553,'简单爱你','4MB','3:56','小芳芳',2,'/简单爱你.mp3'),(554,'简单爱你','4MB','3:56','小芳芳',2,'/简单爱你.mp3'),(555,'简单爱你','4MB','3:56','小芳芳',2,'/简单爱你.mp3'),(556,'简单爱你','4MB','3:56','小芳芳',2,'/简单爱你.mp3'),(557,'简单爱你','4MB','3:56','小芳芳',2,'/简单爱你.mp3'),(558,'简单爱你','4MB','3:56','小芳芳',2,'/简单爱你.mp3'),(559,'简单爱你','4MB','3:56','小芳芳',2,'/简单爱你.mp3'),(560,'简单爱你','4MB','3:56','小芳芳',2,'/简单爱你.mp3'),(561,'简单爱你','4MB','3:56','小芳芳',2,'/简单爱你.mp3'),(562,'简单爱你','4MB','3:56','小芳芳',2,'/简单爱你.mp3'),(563,'简单爱你','4MB','3:56','小芳芳',2,'/简单爱你.mp3'),(564,'简单爱你','4MB','3:56','小芳芳',2,'/简单爱你.mp3'),(565,'简单爱你','4MB','3:56','小芳芳',2,'/简单爱你.mp3'),(566,'简单爱你','4MB','3:56','小芳芳',2,'/简单爱你.mp3'),(567,'简单爱你','4MB','3:56','小芳芳',2,'/简单爱你.mp3'),(568,'简单爱你','4MB','3:56','小芳芳',2,'/简单爱你.mp3'),(569,'简单爱你','4MB','3:56','小芳芳',2,'/简单爱你.mp3'),(570,'简单爱你','4MB','3:56','小芳芳',2,'/简单爱你.mp3'),(571,'简单爱你','4MB','3:56','小芳芳',2,'/简单爱你.mp3'),(572,'简单爱你','4MB','3:56','小芳芳',2,'/简单爱你.mp3'),(573,'简单爱你','4MB','3:56','小芳芳',2,'/简单爱你.mp3'),(574,'简单爱你','4MB','3:56','小芳芳',2,'/简单爱你.mp3'),(575,'简单爱你','4MB','3:56','小芳芳',2,'/简单爱你.mp3'),(576,'简单爱你','4MB','3:56','小芳芳',2,'/简单爱你.mp3'),(577,'简单爱你','4MB','3:56','小芳芳',2,'/简单爱你.mp3'),(578,'简单爱你','4MB','3:56','小芳芳',2,'/简单爱你.mp3'),(579,'简单爱你','4MB','3:56','小芳芳',2,'/简单爱你.mp3'),(580,'简单爱你','4MB','3:56','小芳芳',2,'/简单爱你.mp3'),(581,'简单爱你','4MB','3:56','小芳芳',2,'/简单爱你.mp3'),(582,'简单爱你','4MB','3:56','小芳芳',2,'/简单爱你.mp3'),(583,'简单爱你','4MB','3:56','小芳芳',2,'/简单爱你.mp3'),(584,'简单爱你','4MB','3:56','小芳芳',2,'/简单爱你.mp3'),(585,'简单爱你','4MB','3:56','小芳芳',2,'/简单爱你.mp3'),(586,'简单爱你','4MB','3:56','小芳芳',2,'/简单爱你.mp3'),(587,'简单爱你','4MB','3:56','小芳芳',2,'/简单爱你.mp3'),(588,'简单爱你','4MB','3:56','小芳芳',2,'/简单爱你.mp3'),(589,'简单爱你','4MB','3:56','小芳芳',2,'/简单爱你.mp3'),(590,'简单爱你','4MB','3:56','小芳芳',2,'/简单爱你.mp3'),(591,'简单爱你','4MB','3:56','小芳芳',2,'/简单爱你.mp3'),(592,'简单爱你','4MB','3:56','小芳芳',2,'/简单爱你.mp3'),(593,'简单爱你','4MB','3:56','小芳芳',2,'/简单爱你.mp3'),(594,'简单爱你','4MB','3:56','小芳芳',2,'/简单爱你.mp3'),(595,'简单爱你','4MB','3:56','小芳芳',2,'/简单爱你.mp3'),(596,'简单爱你','4MB','3:56','小芳芳',2,'/简单爱你.mp3'),(597,'简单爱你','4MB','3:56','小芳芳',2,'/简单爱你.mp3'),(598,'简单爱你','4MB','3:56','小芳芳',2,'/简单爱你.mp3'),(599,'简单爱你','4MB','3:56','小芳芳',2,'/简单爱你.mp3'),(600,'简单爱你','4MB','3:56','小芳芳',2,'/简单爱你.mp3'),(601,'简单爱你','4MB','3:56','小芳芳',2,'/简单爱你.mp3'),(602,'简单爱你','4MB','3:56','小芳芳',2,'/简单爱你.mp3'),(603,'简单爱你','4MB','3:56','小芳芳',2,'/简单爱你.mp3'),(604,'简单爱你','4MB','3:56','小芳芳',2,'/简单爱你.mp3'),(605,'简单爱你','4MB','3:56','小芳芳',2,'/简单爱你.mp3'),(606,'简单爱你','4MB','3:56','小芳芳',2,'/简单爱你.mp3'),(607,'简单爱你','4MB','3:56','小芳芳',2,'/简单爱你.mp3'),(608,'简单爱你','4MB','3:56','小芳芳',2,'/简单爱你.mp3'),(609,'简单爱你','4MB','3:56','小芳芳',2,'/简单爱你.mp3'),(610,'简单爱你','4MB','3:56','小芳芳',2,'/简单爱你.mp3'),(611,'简单爱你','4MB','3:56','小芳芳',2,'/简单爱你.mp3'),(612,'简单爱你','4MB','3:56','小芳芳',2,'/简单爱你.mp3'),(613,'简单爱你','4MB','3:56','小芳芳',2,'/简单爱你.mp3'),(614,'简单爱你','4MB','3:56','小芳芳',2,'/简单爱你.mp3'),(615,'简单爱你','4MB','3:56','小芳芳',2,'/简单爱你.mp3'),(616,'简单爱你','4MB','3:56','小芳芳',2,'/简单爱你.mp3'),(617,'简单爱你','4MB','3:56','小芳芳',2,'/简单爱你.mp3'),(618,'简单爱你','4MB','3:56','小芳芳',2,'/简单爱你.mp3'),(619,'简单爱你','4MB','3:56','小芳芳',2,'/简单爱你.mp3'),(620,'简单爱你','4MB','3:56','小芳芳',2,'/简单爱你.mp3'),(621,'简单爱你','4MB','3:56','小芳芳',2,'/简单爱你.mp3'),(622,'简单爱你','4MB','3:56','小芳芳',2,'/简单爱你.mp3'),(623,'简单爱你','4MB','3:56','小芳芳',2,'/简单爱你.mp3'),(624,'简单爱你','4MB','3:56','小芳芳',2,'/简单爱你.mp3'),(625,'简单爱你','4MB','3:56','小芳芳',2,'/简单爱你.mp3'),(626,'简单爱你','4MB','3:56','小芳芳',2,'/简单爱你.mp3'),(627,'232433343','334','00:32','2342',1,'/简单爱你.mp3'),(628,'232433343','334','00:32','2342',1,'/简单爱你.mp3'),(629,'232433343','334','00:32','2342',1,'/简单爱你.mp3'),(630,'232433343','334','00:32','2342',1,'/简单爱你.mp3'),(631,'232433343','334','00:32','2342',1,'/简单爱你.mp3'),(632,'232433343','334','00:32','2342',1,'/简单爱你.mp3'),(633,'232433343','334','00:32','2342',1,'/简单爱你.mp3'),(634,'232433343','334','00:32','2342',1,'/简单爱你.mp3'),(635,'232433343','334','00:32','2342',2,'/简单爱你.mp3'),(636,'232433343','334','00:32','2342',2,'/简单爱你.mp3'),(637,'232433343','334','00:32','2342',2,'/简单爱你.mp3'),(638,'232433343','334','00:32','2342',2,'/简单爱你.mp3'),(639,'232433343','334','00:32','2342',2,'/简单爱你.mp3'),(640,'232433343','334','00:32','2342',2,'/简单爱你.mp3'),(641,'232433343','334','00:32','2342',2,'/简单爱你.mp3'),(642,'232433343','334','00:32','2342',2,'/简单爱你.mp3'),(643,'232433343','334','00:32','2342',2,'/简单爱你.mp3'),(644,'232433343','334','00:32','2342',2,'/简单爱你.mp3'),(645,'232433343','334','00:32','2342',2,'/简单爱你.mp3'),(646,'232433343','334','00:32','2342',1,'/刘泽 晴二 - 期待爱（Cover 林俊杰）.mp3'),(647,'232433343','334','00:32','2342',1,'/刘泽 晴二 - 期待爱（Cover 林俊杰）.mp3'),(648,'232433343','334','00:32','2342',1,'/刘泽 晴二 - 期待爱（Cover 林俊杰）.mp3'),(649,'232433343','334','00:32','2342',1,'/刘泽 晴二 - 期待爱（Cover 林俊杰）.mp3'),(650,'232433343','334','00:32','2342',1,'/刘泽 晴二 - 期待爱（Cover 林俊杰）.mp3'),(651,'232433343','334','00:32','2342',1,'/刘泽 晴二 - 期待爱（Cover 林俊杰）.mp3'),(652,'232433343','334','00:32','2342',1,'/刘泽 晴二 - 期待爱（Cover 林俊杰）.mp3'),(653,'232433343','334','00:32','2342',1,'/刘泽 晴二 - 期待爱（Cover 林俊杰）.mp3'),(654,'232433343','334','00:32','2342',1,'/刘泽 晴二 - 期待爱（Cover 林俊杰）.mp3'),(655,'232433343','334','00:32','2342',1,'/刘泽 晴二 - 期待爱（Cover 林俊杰）.mp3'),(656,'232433343','334','00:32','2342',1,'/刘泽 晴二 - 期待爱（Cover 林俊杰）.mp3'),(657,'232433343','334','00:32','2342',1,'/刘泽 晴二 - 期待爱（Cover 林俊杰）.mp3'),(658,'232433343','334','00:32','2342',1,'/刘泽 晴二 - 期待爱（Cover 林俊杰）.mp3'),(659,'232433343','334','00:32','2342',1,'/刘泽 晴二 - 期待爱（Cover 林俊杰）.mp3'),(660,'232433343','334','00:32','2342',1,'/刘泽 晴二 - 期待爱（Cover 林俊杰）.mp3'),(661,'232433343','334','00:32','2342',1,'/刘泽 晴二 - 期待爱（Cover 林俊杰）.mp3'),(662,'232433343','334','00:32','2342',1,'/刘泽 晴二 - 期待爱（Cover 林俊杰）.mp3'),(663,'232433343','334','00:32','2342',1,'/刘泽 晴二 - 期待爱（Cover 林俊杰）.mp3'),(664,'232433343','334','00:32','2342',1,'/刘泽 晴二 - 期待爱（Cover 林俊杰）.mp3'),(666,'232433343','334','00:32','2342',1,'/刘泽 晴二 - 期待爱（Cover 林俊杰）.mp3'),(667,'232433343','334','00:32','2342',1,'/刘泽 晴二 - 期待爱（Cover 林俊杰）.mp3'),(668,'232433343','334','00:32','2342',1,'/刘泽 晴二 - 期待爱（Cover 林俊杰）.mp3'),(669,'232433343','334','00:32','2342',1,'/刘泽 晴二 - 期待爱（Cover 林俊杰）.mp3'),(670,'232433343','334','00:32','2342',1,'/刘泽 晴二 - 期待爱（Cover 林俊杰）.mp3'),(671,'232433343','334','00:32','2342',1,'/刘泽 晴二 - 期待爱（Cover 林俊杰）.mp3'),(672,'232433343','334','00:32','2342',1,'/刘泽 晴二 - 期待爱（Cover 林俊杰）.mp3'),(673,'232433343','334','00:32','2342',1,'/刘泽 晴二 - 期待爱（Cover 林俊杰）.mp3'),(674,'232433343','334','00:32','2342',1,'/刘泽 晴二 - 期待爱（Cover 林俊杰）.mp3'),(675,'232433343','334','00:32','2342',1,'/简单爱你.mp3'),(676,'232433343','334','00:32','2342',1,'/简单爱你.mp3'),(677,'232433343','334','00:32','2342',1,'/简单爱你.mp3'),(678,'232433343','334','00:32','2342',1,'/简单爱你.mp3'),(679,'232433343','334','00:32','2342',1,'/简单爱你.mp3'),(680,'232433343','334','00:32','2342',1,'/简单爱你.mp3'),(681,'232433343','334','00:32','2342',1,'/简单爱你.mp3'),(682,'232433343','334','00:32','2342',1,'/简单爱你.mp3'),(683,'232433343','334','00:32','2342',1,'/简单爱你.mp3'),(684,'232433343','334','00:32','2342',2,'/刘泽 晴二 - 期待爱（Cover 林俊杰）.mp3'),(685,'232433343','334','00:32','2342',2,'/刘泽 晴二 - 期待爱（Cover 林俊杰）.mp3'),(687,'love.mp3','4.56MB','3:56','13077343',2,'/love.mp3'),(688,' 晴二 - 期待爱（Cover 林俊杰）.mp3','4.56MB','3:56','13077343',2,'/刘泽 晴二 - 期待爱（Cover 林俊杰）.mp3'),(689,'love.mp3','4.56MB','3:56','13077343',2,'/love.mp3'),(691,' 晴二 - 期待爱（Cover 林俊杰）.mp3','4.56MB','3:56','13077343',2,'/刘泽 晴二 - 期待爱（Cover 林俊杰）.mp3');
/*!40000 ALTER TABLE `music` ENABLE KEYS */;
UNLOCK TABLES;

--
-- Table structure for table `user`
--

DROP TABLE IF EXISTS `user`;
/*!40101 SET @saved_cs_client     = @@character_set_client */;
/*!40101 SET character_set_client = utf8 */;
CREATE TABLE `user` (
  `nick` varchar(20) DEFAULT NULL,
  `account` varchar(12) NOT NULL,
  `password` varchar(20) DEFAULT NULL,
  `img` varchar(50) DEFAULT NULL,
  `permissLevel` int(11) DEFAULT NULL COMMENT '用户的权限等级   0代表的是普通用户\n1，代表的是管理员\n',
  PRIMARY KEY (`account`)
) ENGINE=InnoDB DEFAULT CHARSET=utf8;
/*!40101 SET character_set_client = @saved_cs_client */;

--
-- Dumping data for table `user`
--

LOCK TABLES `user` WRITE;
/*!40000 ALTER TABLE `user` DISABLE KEYS */;
INSERT INTO `user` VALUES (NULL,'1307341','33533dsf',NULL,0),('耍帅的小方','13077995907','123456','/img/me.mp4',1),(NULL,'130wqr','2342324',NULL,0),(NULL,'13407341','3353434',NULL,0),(NULL,'fanfang','fangfang',NULL,0),(NULL,'fangfang','fangfang',NULL,0),(NULL,'fangfang1','fangfang1',NULL,0),(NULL,'fangfang12','fangfang12',NULL,0),(NULL,'xiaofang','xiaofang',NULL,0);
/*!40000 ALTER TABLE `user` ENABLE KEYS */;
UNLOCK TABLES;
/*!40103 SET TIME_ZONE=@OLD_TIME_ZONE */;

/*!40101 SET SQL_MODE=@OLD_SQL_MODE */;
/*!40014 SET FOREIGN_KEY_CHECKS=@OLD_FOREIGN_KEY_CHECKS */;
/*!40014 SET UNIQUE_CHECKS=@OLD_UNIQUE_CHECKS */;
/*!40101 SET CHARACTER_SET_CLIENT=@OLD_CHARACTER_SET_CLIENT */;
/*!40101 SET CHARACTER_SET_RESULTS=@OLD_CHARACTER_SET_RESULTS */;
/*!40101 SET COLLATION_CONNECTION=@OLD_COLLATION_CONNECTION */;
/*!40111 SET SQL_NOTES=@OLD_SQL_NOTES */;

-- Dump completed on 2019-06-08  2:33:40
